STATE NAME,DISTRICT NAME,TOTAL POPULATION,GROWTH RATE,SEX RATIO,OVERALL LITERACY,AREA
TELANGANA,ADILABAD,2737738.0,10.04,1003.0,61.55,16105.0
MADHYA PRADESH,AGAR MALWA,,,,,
UTTAR PRADESH,AGRA,4380793.0,21.0,859.0,69.44,4041.0
GUJARAT,AHMEDABAD,7208200.0,22.31,903.0,86.65,8107.0
MAHARASHTRA,AHMEDNAGAR,4543083.0,12.43,934.0,80.22,17048.0
MIZORAM,AIZAWL,404054.0,24.07,1009.0,98.5,3576.0
RAJASTHAN,AJMER,2584913.0,18.48,950.0,70.46,8481.0
MAHARASHTRA,AKOLA,1818617.0,11.6,942.0,87.55,5676.0
KERALA,ALAPPUZHA,2121943.0,0.61,1100.0,96.26,1415.0
UTTAR PRADESH,ALIGARH,3673849.0,22.78,876.0,69.61,3650.0
WEST BENGAL,ALIPURDUAR,,,,,
MADHYA PRADESH,ALIRAJPUR,728677.0,19.4,1009.0,37.22,3182.0
UTTARAKHAND,ALMORA,621927.0,-1.73,1142.0,81.06,3144.0
RAJASTHAN,ALWAR,3671999.0,22.7,894.0,71.68,8380.0
HARYANA,AMBALA,1136784.0,12.06,882.0,82.89,1574.0
UTTAR PRADESH,AMBEDKAR NAGAR,2398709.0,18.35,976.0,74.37,2350.0
UTTAR PRADESH,AMETHI,,,,,0.0
MAHARASHTRA,AMRAVATI,2887826.0,10.77,947.0,88.23,12210.0
GUJARAT,AMRELI,1513614.0,8.59,964.0,74.49,7397.0
PUNJAB,AMRITSAR,2490891.0,15.48,884.0,77.2,2683.0
UTTAR PRADESH,AMROHA,1838771.0,22.66,907.0,65.7,2249.0
GUJARAT,ANAND,2090276.0,12.57,921.0,85.79,3204.0
ANDHRA PRADESH,ANANTAPUR,4083315.0,12.16,977.0,64.28,19130.0
JAMMU AND KASHMIR,ANANTNAG,1070144.0,37.48,937.0,64.32,3574.0
ANDAMAN AND NICOBAR ISLANDS,ANDAMAN AND NICOBAR COMBINED,379944.0,13.97,859.0,83.413,8249.0
ODISHA,ANGUL,1271703.0,11.55,942.0,78.96,6375.0
MADHYA PRADESH,ANUPPUR,749521.0,12.35,975.0,69.08,3747.0
BIHAR,ARARIA,2806200.0,30.0,921.0,55.1,2830.0
GUJARAT,ARAVALLI,,,,,
BIHAR,ARWAL,699563.0,19.01,927.0,69.54,638.0
MADHYA PRADESH,ASHOKNAGAR,844979.0,22.65,900.0,67.9,4674.0
UTTAR PRADESH,AURAIYA,1372287.0,16.3,864.0,80.25,2016.0
BIHAR,AURANGABAD,2511243.0,24.75,916.0,72.77,3305.0
MAHARASHTRA,AURANGABAD,3695928.0,27.33,917.0,80.4,10107.0
UTTAR PRADESH,AYODHYA,2468371.0,18.16,961.0,70.63,2341.0
UTTAR PRADESH,AZAMGARH,4616509.0,17.17,1017.0,72.69,4054.0
ARUNACHAL PRADESH,Anjaw,21089.0,13.77,805.0,59.4,6190.0
KARNATAKA,BAGALKOTE,1890826.0,14.46,984.0,69.39,6552.0
UTTARAKHAND,BAGESHWAR,259840.0,5.13,1093.0,80.69,2241.0
UTTAR PRADESH,BAGHPAT,1302156.0,11.87,858.0,73.54,1321.0
UTTAR PRADESH,BAHRAICH,3478257.0,46.08,891.0,51.1,5237.0
ASSAM,BAKSA,953773.0,11.17,967.0,70.53,2457.0
MADHYA PRADESH,BALAGHAT,1701156.0,13.56,1021.0,78.29,9229.0
ODISHA,BALANGIR,1648574.0,23.29,983.0,65.5,6575.0
ODISHA,BALASORE,2317419.0,14.47,957.0,80.66,3806.0
KARNATAKA,BALLARI,2532383.0,24.92,978.0,67.85,8461.0
UTTAR PRADESH,BALLIA,3223642.0,16.73,933.0,73.82,2981.0
CHHATTISGARH,BALOD,,,,,0.0
CHHATTISGARH,BALODA BAZAR,,,,,0.0
CHHATTISGARH,BALRAMPUR,,,,,0.0
UTTAR PRADESH,BALRAMPUR,2149066.0,27.74,922.0,51.76,3349.0
CHHATTISGARH,BAMETARA,,,,,0.0
GUJARAT,BANASKANTHA,3116045.0,24.43,936.0,66.39,10743.0
UTTAR PRADESH,BANDA,1799541.0,17.06,863.0,68.11,4408.0
JAMMU AND KASHMIR,BANDIPORA,385099.0,26.31,911.0,57.82,345.0
BIHAR,BANKA,2029339.0,26.14,907.0,60.12,3020.0
WEST BENGAL,BANKURA,3596292.0,12.64,954.0,70.95,6882.0
RAJASTHAN,BANSWARA,1798194.0,26.58,979.0,57.2,4522.0
UTTAR PRADESH,BARABANKI,3257983.0,21.86,908.0,63.76,4402.0
JAMMU AND KASHMIR,BARAMULLA,1015503.0,20.34,873.0,66.93,4243.0
RAJASTHAN,BARAN,1223921.0,19.8,926.0,67.38,6992.0
UTTAR PRADESH,BAREILLY,4465344.0,23.4,883.0,60.52,4120.0
ODISHA,BARGARH,,,,,5837.0
RAJASTHAN,BARMER,2604453.0,32.55,900.0,57.49,28387.0
PUNJAB,BARNALA,596294.0,13.16,876.0,68.9,1482.0
ASSAM,BARPETA,1693190.0,21.4,951.0,65.03,2282.0
MADHYA PRADESH,BARWANI,1385659.0,27.55,981.0,50.23,5427.0
CHHATTISGARH,BASTAR,1411644.0,17.83,1024.0,54.94,10470.0
UTTAR PRADESH,BASTI,2461056.0,18.05,959.0,69.69,2688.0
PUNJAB,BATHINDA,1388859.0,17.37,865.0,69.57,3353.0
MAHARASHTRA,BEED,2585962.0,19.65,912.0,73.53,10693.0
BIHAR,BEGUSARAI,2954367.0,25.75,894.0,66.23,1918.0
KARNATAKA,BELAGAVI,4778439.0,13.38,969.0,73.94,13433.0
KARNATAKA,BENGALURU,10576167.0,16.02,926.5,83.385,4596.0
MADHYA PRADESH,BETUL,1575247.0,12.91,970.0,70.14,10043.0
UTTAR PRADESH,BHADOHI,1554203.0,14.81,950.0,71.1,1015.0
ODISHA,BHADRAK,439917.0,17.82,991.0,72.51,2505.0
BIHAR,BHAGALPUR,3032226.0,25.13,879.0,64.96,2569.0
MAHARASHTRA,BHANDARA,1198810.0,5.52,984.0,85.14,4087.0
RAJASTHAN,BHARATPUR,2549121.0,21.32,877.0,71.16,5066.0
GUJARAT,BHARUCH,1550822.0,13.14,924.0,83.03,6509.0
GUJARAT,BHAVNAGAR,2877961.0,16.53,931.0,76.84,10034.0
RAJASTHAN,BHILWARA,2410459.0,19.7,969.0,62.71,10455.0
MADHYA PRADESH,BHIND,1703562.0,19.25,838.0,76.59,4459.0
HARYANA,BHIWANI,1629109.0,14.32,884.0,76.74,4778.0
BIHAR,BHOJPUR,2720155.0,21.27,900.0,72.79,2395.0
MADHYA PRADESH,BHOPAL,2368145.0,28.46,911.0,82.26,2772.0
KARNATAKA,BIDAR,1700018.0,13.16,952.0,71.01,5448.0
CHHATTISGARH,BIJAPUR,,,,,8530.0
UTTAR PRADESH,BIJNOR,3683896.0,17.64,913.0,70.43,4561.0
RAJASTHAN,BIKANER,2367745.0,41.42,903.0,65.92,30239.0
CHHATTISGARH,BILASPUR,2662077.0,33.21,972.0,71.59,8272.0
HIMACHAL PRADESH,BILASPUR,382056.0,12.08,981.0,85.67,1167.0
WEST BENGAL,BIRBHUM,3502387.0,16.15,956.0,70.9,4545.0
MANIPUR,BISHNUPUR,240363.0,15.36,1000.0,76.35,496.0
JHARKHAND,BOKARO,2061918.0,15.99,916.0,73.48,2883.0
ASSAM,BONGAIGAON,732639.0,19.58,961.0,70.44,1093.0
GUJARAT,BOTAD,,,,,
ODISHA,BOUDH,1506522.0,12.95,981.0,83.25,3098.0
UTTAR PRADESH,BUDAUN,3712738.0,20.96,859.0,52.91,5168.0
JAMMU AND KASHMIR,BUDGAM,735753.0,21.18,883.0,57.98,1361.0
UTTAR PRADESH,BULANDSHAHR,3498507.0,20.09,892.0,70.23,4512.0
MAHARASHTRA,BULDHANA,2588039.0,15.93,928.0,82.09,9661.0
RAJASTHAN,BUNDI,1113725.0,15.7,922.0,62.31,5776.0
MADHYA PRADESH,BURHANPUR,756993.0,19.23,951.0,65.28,3427.0
BIHAR,BUXAR,1707643.0,21.77,922.0,71.77,1703.0
ASSAM,CACHAR,1736319.0,20.17,958.0,80.36,3786.0
KARNATAKA,CHAMARAJANAGARA,1020962.0,5.75,989.0,61.12,5648.0
HIMACHAL PRADESH,CHAMBA,518844.0,12.58,989.0,73.19,6522.0
UTTARAKHAND,CHAMOLI,391114.0,5.6,1021.0,83.48,8030.0
UTTARAKHAND,CHAMPAWAT,259315.0,15.49,981.0,80.73,1766.0
MIZORAM,CHAMPHAI,125370.0,15.66,981.0,93.51,3185.0
UTTAR PRADESH,CHANDAULI,1952713.0,18.83,913.0,73.86,2541.0
MANIPUR,CHANDEL,144028.0,21.72,932.0,70.85,3313.0
CHANDIGARH,CHANDIGARH,1054686.0,17.1,818.0,86.43,114.0
MAHARASHTRA,CHANDRAPUR,2194262.0,5.95,959.0,81.35,11443.0
ARUNACHAL PRADESH,CHANGLANG,147951.0,17.96,914.0,61.9,4662.0
JHARKHAND,CHATRA,1042304.0,28.98,951.0,62.14,3718.0
TAMIL NADU,CHENNAI,4681087.0,7.77,986.0,90.33,175.0
MADHYA PRADESH,CHHATARPUR,1762857.0,19.54,884.0,64.9,8687.0
MADHYA PRADESH,CHHINDWARA,2090306.0,13.03,966.0,72.21,11815.0
GUJARAT,CHHOTA UDAIPUR,,,,,
KARNATAKA,CHIKKABALLAPURA,1254377.0,9.17,968.0,70.08,4244.0
KARNATAKA,CHIKKAMANGALURU,1137753.0,-0.28,1005.0,79.24,7202.0
ASSAM,CHIRANG,481818.0,11.26,969.0,64.71,1923.0
KARNATAKA,CHITRADURGA,1660378.0,9.39,969.0,73.82,8436.0
UTTAR PRADESH,CHITRAKOOT,990626.0,29.29,879.0,66.52,3216.0
ANDHRA PRADESH,CHITTOOR,4170468.0,11.33,1002.0,72.36,15152.0
RAJASTHAN,CHITTORGARH,1544392.0,16.09,970.0,62.51,7822.0
MANIPUR,CHURACHANDPUR,271274.0,19.03,969.0,84.29,4570.0
RAJASTHAN,CHURU,2041172.0,6.1,938.0,67.46,13835.0
TAMIL NADU,COIMBATORE,3472578.0,18.46,1001.0,84.31,4732.0
WEST BENGAL,COOCH BEHAR,2822780.0,13.86,942.0,75.49,3387.0
TAMIL NADU,CUDDALORE,2600880.0,13.8,984.0,79.04,3703.0
ODISHA,CUTTACK,2618708.0,11.86,955.0,84.2,3932.0
DADRA AND NAGAR HAVELI,DADRA AND NAGAR HAVELI,342853.0,55.5,775.0,77.65,491.0
GUJARAT,DAHOD,2126558.0,29.95,986.0,60.6,3642.0
WEST BENGAL,DAKSHIN DINAJPUR,1670931.0,11.16,954.0,73.86,2219.0
KARNATAKA,DAKSHINA KANNADA,2083625.0,9.8,1018.0,88.62,4861.0
DAMAN AND DIU,DAMAN,190855.0,67.43,533.0,88.06,72.0
MADHYA PRADESH,DAMOH,1263703.0,16.58,913.0,70.92,7306.0
GUJARAT,DANG,226769.0,21.44,1007.0,76.8,1766.0
CHHATTISGARH,DANTEWADA,532791.0,11.9,1022.0,42.67,8298.0
BIHAR,DARBHANGA,3921971.0,19.0,910.0,58.26,2279.0
WEST BENGAL,DARJEELING,1842034.0,14.47,971.0,79.92,3149.0
ASSAM,DARRANG,908090.0,19.51,923.0,64.55,1585.0
MADHYA PRADESH,DATIA,786375.0,18.4,875.0,73.5,2902.0
KARNATAKA,DAVANAGERE,1946905.0,8.71,967.0,76.3,5924.0
UTTARAKHAND,DEHRADUN,1698560.0,32.48,902.0,85.24,3088.0
DELHI,DELHI,16753235.0,,864.0,86.73,1483.0
ODISHA,DEOGARH,312164.0,13.88,976.0,73.07,2940.0
JHARKHAND,DEOGHAR,1491879.0,28.02,921.0,66.34,2477.0
UTTAR PRADESH,DEORIA,3098637.0,14.23,1013.0,73.53,2540.0
GUJARAT,DEVBHUMI DWARKA,,,,,
MADHYA PRADESH,DEWAS,1563107.0,19.48,941.0,70.53,7020.0
TRIPURA,DHALAI,377988.0,22.78,945.0,86.82,2400.0
CHHATTISGARH,DHAMTARI,799199.0,13.11,1012.0,78.95,4084.0
JHARKHAND,DHANBAD,2682662.0,11.91,908.0,75.71,2040.0
MADHYA PRADESH,DHAR,2184672.0,25.53,961.0,60.57,8153.0
TAMIL NADU,DHARMAPURI,1502900.0,16.04,946.0,64.71,4497.0
KARNATAKA,DHARWAD,1846993.0,15.13,967.0,80.3,4260.0
ASSAM,DHEMAJI,688077.0,20.3,949.0,69.07,3237.0
ODISHA,DHENKANAL,1192948.0,11.82,947.0,79.41,4452.0
RAJASTHAN,DHOLPUR,1207293.0,22.78,845.0,70.14,3033.0
ASSAM,DHUBRI,1948632.0,24.4,952.0,59.36,2176.0
MAHARASHTRA,DHULE,2048781.0,19.96,941.0,74.61,7195.0
ASSAM,DIBRUGARH,1327748.0,12.04,952.0,76.22,3381.0
ASSAM,DIMA HASAO,213529.0,13.53,931.0,78.99,4888.0
NAGALAND,DIMAPUR,379769.0,23.23,916.0,85.44,927.0
TAMIL NADU,DINDIGUL,2161367.0,12.39,998.0,76.85,6036.0
MADHYA PRADESH,DINDORI,704218.0,21.26,1004.0,65.47,7470.0
DAMAN AND DIU,DIU,52056.0,17.73,1030.0,83.36,39.0
JAMMU AND KASHMIR,DODA,409576.0,27.89,922.0,65.97,8912.0
JHARKHAND,DUMKA,1321096.0,19.39,974.0,62.54,3761.0
RAJASTHAN,DUNGARPUR,1388906.0,25.39,990.0,60.78,3770.0
CHHATTISGARH,DURG,3343079.0,18.95,988.0,79.69,8535.0
RAJASTHAN,Dausa,1637226.0,24.31,904.0,69.17,3432.0
BIHAR,EAST CHAMPARAN,5082868.0,29.01,901.0,58.26,3968.0
MEGHALAYA,EAST GARO HILLS,317618.0,26.75,968.0,75.51,2603.0
ANDHRA PRADESH,EAST GODAVARI,5151549.0,5.1,1005.0,71.35,10807.0
ARUNACHAL PRADESH,EAST KAMENG,78413.0,37.14,1012.0,62.48,4134.0
MEGHALAYA,EAST KHASI HILLS,824059.0,24.68,1008.0,84.7,2748.0
ARUNACHAL PRADESH,EAST SIANG,99019.0,13.3,962.0,73.54,3603.0
SIKKIM,EAST SIKKIM,281293.0,14.79,872.0,84.67,954.0
JHARKHAND,EAST SINGHBHUM,2291032.0,15.53,949.0,76.13,3562.0
KERALA,ERNAKULAM,3279860.0,5.6,1028.0,95.68,3063.0
TAMIL NADU,ERODE,2259608.0,12.05,992.0,72.96,5760.0
UTTAR PRADESH,ETAH,1761152.0,12.77,863.0,73.27,2431.0
UTTAR PRADESH,ETAWAH,1579160.0,17.95,867.0,79.99,2311.0
HARYANA,FARIDABAD,1798954.0,31.75,871.0,83.04,741.0
PUNJAB,FARIDKOT,618008.0,12.18,889.0,70.65,1458.0
UTTAR PRADESH,FARRUKHABAD,1887577.0,20.2,874.0,70.57,2181.0
HARYANA,FATEHABAD,941522.0,16.79,903.0,69.13,2538.0
PUNJAB,FATEHGARH SAHIB,599814.0,11.39,871.0,80.33,1180.0
UTTAR PRADESH,FATEHPUR,2632684.0,14.05,900.0,68.78,4152.0
PUNJAB,FEROZEPUR,2026831.0,16.08,893.0,69.85,5305.0
UTTAR PRADESH,FIROZABAD,2496761.0,21.62,867.0,74.6,2407.0
PUNJAB,Fazilka,,,,,0.0
KARNATAKA,GADAG,1065235.0,9.61,978.0,75.18,4657.0
MAHARASHTRA,GADCHIROLI,1071795.0,10.46,975.0,70.55,14412.0
ODISHA,GAJAPATI,575880.0,10.99,1042.0,54.29,4325.0
JAMMU AND KASHMIR,GANDERBAL,297003.0,36.3,869.0,59.99,259.0
GUJARAT,GANDHINAGAR,1387478.0,12.15,920.0,85.78,2140.0
RAJASTHAN,GANGANAGAR,1969520.0,10.06,887.0,70.25,10978.0
ODISHA,GANJAM,3520151.0,11.37,981.0,71.88,8206.0
JHARKHAND,GARHWA,1322387.0,27.71,933.0,62.18,4093.0
CHHATTISGARH,GARIABAND,,,,,0.0
UTTAR PRADESH,GAUTAM BUDDHA NAGAR,1674714.0,39.32,852.0,82.2,1282.0
BIHAR,GAYA,4379383.0,26.08,932.0,66.35,4976.0
UTTAR PRADESH,GHAZIABAD,4661452.0,41.66,878.0,85.0,1179.0
UTTAR PRADESH,GHAZIPUR,3622727.0,19.26,951.0,74.27,3377.0
GUJARAT,GIR SOMNATH,,,,,
JHARKHAND,GIRIDIH,2445203.0,28.33,943.0,65.12,4962.0
GOA,GOA,1457723.0,16.43,1939.0,174.38,3702.0
ASSAM,GOALPARA,1008959.0,22.74,962.0,68.67,1824.0
JHARKHAND,GODDA,1311382.0,25.14,933.0,57.68,2266.0
ASSAM,GOLAGHAT,1058674.0,11.88,961.0,78.31,3502.0
TRIPURA,GOMATI,,,,,0.0
UTTAR PRADESH,GONDA,3431386.0,24.07,922.0,61.16,4003.0
MAHARASHTRA,GONDIA,1322331.0,10.13,996.0,85.41,5234.0
BIHAR,GOPALGANJ,2558037.0,18.83,1015.0,67.04,2033.0
UTTAR PRADESH,GORAKHPUR,4436275.0,17.69,944.0,73.25,3321.0
JHARKHAND,GUMLA,1025656.0,23.21,993.0,66.92,5360.0
MADHYA PRADESH,GUNA,1240938.0,26.91,910.0,65.1,6390.0
ANDHRA PRADESH,GUNTUR,4889230.0,9.5,1003.0,67.99,11391.0
PUNJAB,GURDASPUR,2299026.0,9.3,895.0,81.06,3551.0
HARYANA,GURUGRAM,1514085.0,73.93,853.0,84.44,1258.0
MADHYA PRADESH,GWALIOR,2030543.0,24.41,862.0,77.93,4560.0
ASSAM,HAILAKANDI,659260.0,21.44,946.0,75.26,1327.0
HIMACHAL PRADESH,HAMIRPUR,454293.0,10.08,1096.0,89.01,1118.0
TTAR PRADESH,HAMIRPUR,1104021.0,5.78,860.0,70.16,4021.0
RAJASTHAN,HANUMANGARH,1779650.0,17.24,906.0,68.37,9656.0
UTTAR PRADESH,HAPUR,,,,,0.0
MADHYA PRADESH,HARDA,570302.0,20.21,932.0,74.04,3334.0
UTTAR PRADESH,HARDOI,4091380.0,20.39,856.0,68.89,5986.0
UTTARAKHAND,HARIDWAR,1927029.0,33.16,879.0,74.62,2360.0
KARNATAKA,HASSAN,1776221.0,3.17,1005.0,75.89,6814.0
UTTAR PRADESH,HATHRAS,1565678.0,17.19,870.0,73.1,1840.0
KARNATAKA,HAVERI,1598506.0,11.08,951.0,77.6,4823.0
JHARKHAND,HAZARIBAGH,1734005.0,25.75,946.0,70.48,3555.0
MAHARASHTRA,HINGOLI,1178973.0,19.43,935.0,76.04,4827.0
HARYANA,HISAR,1742815.0,13.38,871.0,73.24,3983.0
WEST BENGAL,HOOGHLY,5520389.0,9.49,958.0,82.55,3149.0
MADHYA PRADESH,HOSHANGABAD,1240975.0,14.45,912.0,76.52,6703.0
PUNJAB,HOSHIARPUR,1582793.0,6.85,962.0,85.43,3386.0
WEST BENGAL,HOWRAH,4841638.0,13.31,935.0,83.85,1467.0
TELANGANA,HYDERABAD,4010238.0,4.71,943.0,80.96,217.0
KERALA,IDUKKI,1107453.0,-1.93,1006.0,92.2,4356.0
MANIPUR,IMPHAL EAST,452661.0,14.63,1011.0,82.81,709.0
MANIPUR,IMPHAL WEST,514683.0,15.82,1029.0,86.7,519.0
MADHYA PRADESH,INDORE,3272335.0,32.71,924.0,82.32,3898.0
MADHYA PRADESH,JABALPUR,2460714.0,14.39,925.0,82.47,5211.0
ODISHA,JAGATSINGHPUR,1136604.0,7.47,967.0,87.13,1668.0
RAJASTHAN,JAIPUR,6663971.0,26.91,909.0,76.44,11143.0
RAJASTHAN,JAISALMER,672008.0,32.22,849.0,58.04,38401.0
ODISHA,JAJPUR,1826275.0,12.43,972.0,80.44,2899.0
PUNJAB,JALANDHAR,2181753.0,11.16,913.0,82.4,2624.0
UTTAR PRADESH,JALAUN,1670718.0,14.87,865.0,75.16,4565.0
MAHARASHTRA,JALGAON,4224442.0,14.71,922.0,79.73,11765.0
MAHARASHTRA,JALNA,1958483.0,21.84,929.0,73.61,7718.0
RAJASTHAN,JALORE,1830151.0,26.31,951.0,55.58,10640.0
WEST BENGAL,JALPAIGURI,3869675.0,13.77,954.0,73.79,6227.0
JAMMU AND KASHMIR,JAMMU,1526406.0,12.48,871.0,83.98,2342.0
GUJARAT,JAMNAGAR,2159130.0,13.38,938.0,74.4,14184.0
JHARKHAND,JAMTARA,790207.0,21.0,959.0,63.73,1811.0
BIHAR,JAMUI,1756078.0,25.54,921.0,62.16,3098.0
CHHATTISGARH,JANJGIR CHAMPA,1620632.0,23.01,986.0,73.7,3853.0
CHHATTISGARH,JASHPUR,852043.0,14.65,1004.0,68.6,5838.0
UTTAR PRADESH,JAUNPUR,4476072.0,14.43,1018.0,73.66,4038.0
BIHAR,JEHANABAD,1124176.0,21.34,918.0,68.27,931.0
MADHYA PRADESH,JHABUA,1024091.0,30.58,989.0,44.45,3600.0
HARYANA,JHAJJAR,956907.0,8.73,861.0,80.83,1834.0
RAJASTHAN,JHALAWAR,1411327.0,19.57,945.0,62.13,6219.0
UTTAR PRADESH,JHANSI,2000755.0,14.66,885.0,76.37,5024.0
ODISHA,JHARSUGUDA,,,,,2114.0
RAJASTHAN,JHUNJHUNU,2139658.0,11.81,950.0,74.72,5928.0
HARYANA,JIND,1332042.0,11.95,870.0,72.73,2702.0
RAJASTHAN,JODHPUR,3685681.0,27.69,915.0,67.09,22850.0
ASSAM,JORHAT,1091295.0,9.21,956.0,83.42,2851.0
GUJARAT,JUNAGADH,2742291.0,12.01,952.0,76.88,8831.0
CHHATTISGARH,KABEERDHAM,822239.0,40.66,997.0,61.95,4235.0
BIHAR,KAIMUR,1626900.0,27.54,919.0,71.01,3332.0
HARYANA,KAITHAL,1072861.0,13.39,880.0,70.56,2317.0
KARNATAKA,KALABURAGI,2564892.0,17.94,962.0,65.65,10954.0
ODISHA,KALAHANDI,1573054.0,17.79,1003.0,60.22,7920.0
ASSAM,KAMRUP,1517202.0,15.67,946.0,72.81,3105.0
ASSAM,KAMRUP METROPOLITAN,1260419.0,18.95,922.0,88.66,955.0
TAMIL NADU,KANCHEEPURAM,3990897.0,38.69,985.0,85.29,4483.0
ODISHA,KANDHAMAL,731952.0,12.92,1037.0,65.12,8021.0
HIMACHAL PRADESH,KANGRA,1507223.0,12.56,1013.0,86.49,5739.0
UTTAR PRADESH,KANNAUJ,1658005.0,19.37,879.0,74.01,2093.0
KERALA,KANNUR,2525637.0,4.84,1133.0,95.41,2961.0
UTTAR PRADESH,KANPUR DEHAT,1795092.0,14.82,862.0,77.52,3021.0
UTTAR PRADESH,KANPUR NAGAR,4572951.0,9.72,852.0,81.31,3155.0
TAMIL NADU,KANYAKUMARI,1863174.0,11.17,1010.0,92.14,1684.0
PUNJAB,KAPURTHALA,817668.0,8.37,912.0,80.18,1633.0
PUDUCHERRY,KARAIKAL,200314.0,17.29,1048.0,87.83,157.0
RAJASTHAN,KARAULI,1458459.0,20.57,858.0,67.34,5524.0
ASSAM,KARBI ANGLONG,965280.0,18.69,956.0,73.52,10434.0
JAMMU AND KASHMIR,KARGIL,143388.0,20.18,775.0,74.49,14036.0
ASSAM,KARIMGANJ,1217002.0,20.74,961.0,79.72,1809.0
TELANGANA,KARIMNAGAR,3811738.0,9.16,1009.0,64.87,11823.0
HARYANA,KARNAL,1506323.0,18.22,886.0,76.44,2520.0
TAMIL NADU,KARUR,1076588.0,15.06,1015.0,75.86,2904.0
KERALA,KASARAGOD,1302600.0,8.18,1079.0,89.85,1989.0
UTTAR PRADESH,KASGANJ,1438156.0,17.05,879.0,62.3,1955.0
JAMMU AND KASHMIR,KATHUA,615711.0,20.38,877.0,73.5,2502.0
BIHAR,KATIHAR,3068149.0,28.23,916.0,53.56,3057.0
MADHYA PRADESH,KATNI,1291684.0,21.38,948.0,73.62,4950.0
UTTAR PRADESH,KAUSHAMBI,1596909.0,23.49,905.0,63.69,1779.0
ODISHA,KENDRAPARA,1439891.0,10.59,1006.0,85.93,2644.0
ODISHA,KENDUJHAR,1802777.0,15.42,987.0,69.0,8303.0
BIHAR,KHAGARIA,1657599.0,29.46,883.0,60.87,1486.0
TELANGANA,KHAMMAM,2798214.0,8.5,1010.0,65.46,16029.0
MADHYA PRADESH,KHANDWA,1309443.0,21.44,944.0,67.53,7352.0
MADHYA PRADESH,KHARGONE,1872413.0,22.81,963.0,63.98,8025.0
GUJARAT,KHEDA,2298934.0,12.81,937.0,84.31,3953.0
ODISHA,KHORDHA,2246341.0,19.65,925.0,87.51,2813.0
TRIPURA,KHOWAI,,,,,0.0
JHARKHAND,KHUNTI,530299.0,21.96,994.0,64.51,2535.0
HIMACHAL PRADESH,KINNAUR,84298.0,7.61,818.0,80.77,6401.0
NAGALAND,KIPHIRE,50593.0,-58.39,903.0,73.1,1130.0
BIHAR,KISHANGANJ,1690948.0,30.44,946.0,57.04,1884.0
JAMMU AND KASHMIR,KISHTWAR,231037.0,21.06,917.0,58.54,1644.0
KARNATAKA,KODAGU,554762.0,1.13,1019.0,82.52,4102.0
JHARKHAND,KODERMA,717169.0,32.59,949.0,68.35,2540.0
NAGALAND,KOHIMA,270063.0,22.66,927.0,85.58,1463.0
ASSAM,KOKRAJHAR,886999.0,5.19,958.0,66.63,3296.0
KARNATAKA,KOLAR,1540231.0,11.04,976.0,74.33,3979.0
MIZORAM,KOLASIB,83054.0,25.92,956.0,94.54,1382.0
MAHARASHTRA,KOLHAPUR,3874015.0,9.96,953.0,82.9,7685.0
WEST BENGAL,KOLKATA,4486679.0,-1.88,899.0,87.14,185.0
KERALA,KOLLAM,2629703.0,1.72,1113.0,93.77,2483.0
CHHATTISGARH,KONDAGAON,,,,,0.0
KARNATAKA,KOPPAL,1391292.0,16.32,983.0,67.28,5570.0
ODISHA,KORAPUT,1376934.0,16.63,1031.0,49.87,8807.0
CHHATTISGARH,KORBA,1206563.0,19.25,971.0,73.22,6598.0
CHHATTISGARH,KORIYA,659039.0,12.4,971.0,71.41,6604.0
RAJASTHAN,KOTA,1950491.0,24.35,906.0,77.48,5217.0
KERALA,KOTTAYAM,1979384.0,1.32,1040.0,96.4,2206.0
KERALA,KOZHIKODE,3089543.0,7.31,1097.0,95.24,2345.0
ARUNACHAL PRADESH,KRA DAADI,,,,,
ANDHRA PRADESH,KRISHNA,4529009.0,8.15,997.0,74.37,8727.0
TAMIL NADU,KRISHNAGIRI,1883731.0,20.67,956.0,72.41,5129.0
JAMMU AND KASHMIR,KULGAM,422786.0,7.3,951.0,60.35,410.0
HIMACHAL PRADESH,KULLU,437474.0,14.65,950.0,80.14,5503.0
JAMMU AND KASHMIR,KUPWARA,875564.0,34.62,843.0,66.92,2379.0
ANDHRA PRADESH,KURNOOL,4046601.0,14.65,984.0,61.13,17658.0
HARYANA,KURUKSHETRA,964231.0,16.81,889.0,76.7,1530.0
ARUNACHAL PRADESH,KURUNG KUMEY,89717.0,111.01,1029.0,50.67,6040.0
UTTAR PRADESH,KUSHINAGAR,3560830.0,23.08,955.0,67.66,2905.0
GUJARAT,KUTCH,2090313.0,32.03,907.0,71.58,45674.0
HIMACHAL PRADESH,LAHAUL AND SPITI,31528.0,-5.1,916.0,77.24,13841.0
ASSAM,LAKHIMPUR,1040644.0,17.06,965.0,78.39,2277.0
UTTAR PRADESH,LAKHIMPUR KHERI,4013634.0,25.14,887.0,62.71,7680.0
BIHAR,LAKHISARAI,1000717.0,24.74,900.0,64.95,1228.0
LAKSHADWEEP,LAKSHADWEEP,64429.0,6.23,946.0,92.28,30.0
UTTAR PRADESH,LALITPUR,1218002.0,24.57,905.0,64.95,5039.0
JHARKHAND,LATEHAR,725673.0,29.38,964.0,61.23,4291.0
MAHARASHTRA,LATUR,2455543.0,18.04,924.0,79.03,7157.0
MIZORAM,LAWNGTLAI,117444.0,59.53,945.0,66.41,2557.0
JAMMU AND KASHMIR,LEH,147104.0,25.48,583.0,80.48,45110.0
JHARKHAND,LOHARDAGA,461738.0,26.67,985.0,68.29,1502.0
ARUNACHAL PRADESH,LOHIT,145538.0,16.44,901.0,69.88,5212.0
ARUNACHAL PRADESH,LONGDING,,,,,
NAGALAND,LONGLENG,74033.0,-30.54,961.0,71.1,562.0
ARUNACHAL PRADESH,LOWER SUBANSIRI,82839.0,48.65,975.0,76.33,3508.0
UTTAR PRADESH,LUCKNOW,4588455.0,25.79,906.0,79.33,2528.0
PUNJAB,LUDHIANA,3487882.0,15.0,869.0,82.54,3578.0
MIZORAM,LUNGLEI,154094.0,12.29,944.0,89.4,4536.0
BIHAR,MADHEPURA,1994618.0,30.65,914.0,53.78,1788.0
BIHAR,MADHUBANI,4476044.0,25.19,925.0,60.9,3501.0
TAMIL NADU,MADURAI,3041038.0,17.95,990.0,81.66,3710.0
TELANGANA,MAHABUBNAGAR,4042191.0,15.03,975.0,56.06,18432.0
UTTAR PRADESH,MAHARAJGANJ,2665292.0,22.61,938.0,64.3,2952.0
CHHATTISGARH,MAHASAMUND,1032275.0,20.0,1018.0,71.54,4790.0
PUDUCHERRY,MAHE,41934.0,13.86,1176.0,98.35,9.0
HARYANA,MAHENDRAGARH,921680.0,13.43,894.0,78.87,1899.0
GUJARAT,MAHISAGAR,,,,,
UTTAR PRADESH,MAHOBA,876055.0,23.66,880.0,66.94,3144.0
UTTAR PRADESH,MAINPURI,1847194.0,15.69,876.0,78.26,2760.0
KERALA,MALAPPURAM,4110956.0,13.39,1096.0,93.55,3554.0
WEST BENGAL,MALDA,3997970.0,21.5,939.0,62.71,3733.0
ODISHA,MALKANGIRI,612727.0,21.53,1016.0,49.49,5791.0
MIZORAM,MAMIT,85757.0,36.59,924.0,85.96,3025.0
HIMACHAL PRADESH,MANDI,999518.0,10.89,1012.0,82.81,3950.0
MADHYA PRADESH,MANDLA,1053522.0,17.81,1005.0,68.28,5800.0
MADHYA PRADESH,MANDSAUR,1339832.0,13.19,966.0,72.75,5535.0
KARNATAKA,MANDYA,1808680.0,2.55,989.0,70.14,4962.0
PUNJAB,MANSA,768808.0,11.62,880.0,62.78,2198.0
UTTAR PRADESH,MATHURA,2541894.0,22.53,858.0,72.65,3340.0
UTTAR PRADESH,MAU,2205170.0,18.94,978.0,75.16,1713.0
ODISHA,MAYURBHANJ,2513895.0,13.06,1005.0,63.98,10418.0
TELANGANA,MEDAK,3031877.0,13.55,989.0,62.53,9699.0
UTTAR PRADESH,MEERUT,3447405.0,15.01,885.0,74.8,2559.0
GUJARAT,MEHSANA,2027727.0,9.91,925.0,84.26,4401.0
UTTAR PRADESH,MIRZAPUR,2494533.0,17.89,900.0,70.38,4405.0
PUNJAB,MOGA,992289.0,10.9,893.0,71.59,2242.0
NAGALAND,MOKOKCHUNG,193171.0,-16.77,927.0,92.68,1615.0
NAGALAND,MON,250671.0,-3.83,898.0,56.6,1786.0
UTTAR PRADESH,MORADABAD,4773138.0,25.25,903.0,58.67,3718.0
GUJARAT,MORBI,,,,,
MADHYA PRADESH,MORENA,1965137.0,23.38,839.0,72.07,4989.0
ASSAM,MORIGAON,957853.0,23.39,974.0,69.37,1551.0
MAHARASHTRA,MUMBAI,12478447.0,,847.5,89.69,603.0
CHHATTISGARH,MUNGELI,,,,,0.0
BIHAR,MUNGER,1359054.0,19.45,879.0,73.3,1419.0
WEST BENGAL,MURSHIDABAD,7102430.0,21.07,957.0,67.53,5324.0
UTTAR PRADESH,MUZAFFARNAGAR,4138605.0,16.8,886.0,70.11,4008.0
BIHAR,MUZAFFARPUR,4778610.0,27.54,898.0,65.68,3172.0
KARNATAKA,MYSURU,2994744.0,13.39,982.0,72.56,6307.0
ODISHA,NABARANGAPUR,1218762.0,18.81,1018.0,48.2,5291.0
WEST BENGAL,NADIA,5168488.0,12.24,947.0,75.58,3927.0
ASSAM,NAGAON,2826006.0,22.09,962.0,73.78,3973.0
TAMIL NADU,NAGAPATTINAM,1614069.0,8.41,1025.0,84.09,2569.0
RAJASTHAN,NAGAUR,3309234.0,19.25,948.0,64.08,17718.0
MAHARASHTRA,NAGPUR,4653171.0,14.39,948.0,89.52,9892.0
UTTARAKHAND,NAINITAL,955128.0,25.2,933.0,84.85,4251.0
BIHAR,NALANDA,2872523.0,21.18,921.0,66.41,2355.0
ASSAM,NALBARI,769919.0,11.74,945.0,79.89,1052.0
TELANGANA,NALGONDA,3483648.0,7.26,982.0,65.05,14240.0
TAMIL NADU,NAMAKKAL,1721179.0,15.25,986.0,74.92,3420.0
ARUNACHAL PRADESH,NAMSAI,,,,,
MAHARASHTRA,NANDED,3356566.0,16.7,937.0,76.94,10528.0
MAHARASHTRA,NANDURBAR,1646177.0,25.5,972.0,63.04,5955.0
CHHATTISGARH,NARAYANPUR,,,,,4653.0
GUJARAT,NARMADA,590379.0,14.77,960.0,73.29,2817.0
MADHYA PRADESH,NARSINGHPUR,1092141.0,14.04,917.0,76.79,5133.0
MAHARASHTRA,NASHIK,6109052.0,22.33,931.0,80.96,15530.0
GUJARAT,NAVSARI,1330711.0,8.24,961.0,84.78,2246.0
BIHAR,NAWADA,2216653.0,22.49,936.0,61.63,2494.0
ODISHA,NAYAGARH,962215.0,11.3,916.0,79.17,3890.0
MADHYA PRADESH,NEEMUCH,825958.0,13.76,959.0,71.81,4256.0
TAMIL NADU,NILGIRIS,735071.0,-3.55,1041.0,85.65,2565.0
TELANGANA,NIZAMABAD,2552073.0,8.8,1038.0,62.25,7956.0
WEST BENGAL,NORTH 24 PARGANAS,10082852.0,12.86,949.0,84.95,4094.0
MEGHALAYA,NORTH GARO HILLS,,,,,
SIKKIM,NORTH SIKKIM,43354.0,5.66,769.0,77.39,4226.0
TRIPURA,NORTH TRIPURA,693281.0,17.32,967.0,88.29,2036.0
ODISHA,NUAPADA,606490.0,14.28,1020.0,58.2,3852.0
HARYANA,NUH,1089406.0,37.94,906.0,56.14,1507.0
MAHARASHTRA,OSMANABAD,1660311.0,11.69,920.0,76.33,7569.0
JHARKHAND,PAKUR,899200.0,28.15,985.0,50.17,1811.0
KERALA,PALAKKAD,2810892.0,7.39,1067.0,88.49,4482.0
JHARKHAND,PALAMU,1936319.0,25.94,929.0,65.5,4393.0
MAHARASHTRA,PALGHAR,,,,,
RAJASTHAN,PALI,2038533.0,11.99,987.0,63.23,12387.0
HARYANA,PALWAL,1040493.0,25.49,879.0,70.32,1359.0
HARYANA,PANCHKULA,558890.0,19.32,870.0,83.44,898.0
GUJARAT,PANCHMAHAL,2388267.0,17.92,945.0,72.32,5231.0
HARYANA,PANIPAT,1202811.0,24.33,861.0,77.46,1268.0
MADHYA PRADESH,PANNA,1016028.0,18.62,907.0,66.08,7135.0
ARUNACHAL PRADESH,PAPUM PARE,176385.0,44.57,950.0,82.14,3462.0
MAHARASHTRA,PARBHANI,1835982.0,20.18,940.0,75.22,6214.0
WEST BENGAL,PASCHIM MEDINIPUR,5943300.0,14.44,960.0,79.04,9368.0
GUJARAT,PATAN,1342746.0,13.53,935.0,73.47,5792.0
KERALA,PATHANAMTHITTA,1195537.0,-3.12,1129.0,96.93,2652.0
PUNJAB,PATHANKOT,,,,,0.0
PUNJAB,PATIALA,1892282.0,19.4,888.0,76.26,3325.0
BIHAR,PATNA,5772804.0,22.34,892.0,72.47,3202.0
UTTARAKHAND,PAURI GARHWAL,686527.0,-1.51,1103.0,82.59,5329.0
TAMIL NADU,PERAMBALUR,564511.0,14.36,1006.0,74.68,1756.0
NAGALAND,PEREN,94954.0,4.61,917.0,79.0,1651.0
NAGALAND,PHEK,163294.0,10.19,951.0,79.13,2026.0
UTTAR PRADESH,PILIBHIT,2037225.0,23.83,889.0,63.58,3686.0
UTTARAKHAND,PITHORAGARH,485993.0,5.13,1021.0,82.93,7090.0
GUJARAT,PORBANDAR,586062.0,9.17,947.0,76.63,2316.0
ANDHRA PRADESH,PRAKASAM,3392764.0,10.9,981.0,63.53,17626.0
UTTAR PRADESH,PRATAPGARH,3173752.0,16.2,994.0,73.1,3717.0
RAJASTHAN,PRATAPGARH,868231.0,22.84,982.0,56.3,4449.0
UTTAR PRADESH,PRAYAGRAJ,5959798.0,20.74,902.0,74.41,5482.0
PUDUCHERRY,PUDUCHERRY,946600.0,28.73,1031.0,86.13,294.0
TAMIL NADU,PUDUKKOTTAI,1618725.0,10.9,1015.0,77.76,4644.0
JAMMU AND KASHMIR,PULWAMA,570060.0,29.18,913.0,65.0,1086.0
JAMMU AND KASHMIR,PUNCH,476820.0,27.97,890.0,68.69,1674.0
MAHARASHTRA,PUNE,9426959.0,30.34,910.0,87.19,15643.0
WEST BENGAL,PURBA MEDINIPUR,5094238.0,15.32,936.0,87.66,4713.0
ODISHA,PURI,1697983.0,13.0,963.0,85.37,3479.0
BIHAR,PURNIA,3273127.0,28.66,930.0,52.49,3229.0
WEST BENGAL,PURULIYA,2927965.0,15.43,955.0,65.38,6259.0
UTTAR PRADESH,RAE BARELI,3404004.0,18.51,941.0,69.04,4609.0
KARNATAKA,RAICHUR,1924773.0,15.27,992.0,60.46,8442.0
MAHARASHTRA,RAIGAD,2635394.0,19.36,955.0,83.89,7152.0
CHHATTISGARH,RAIGARH,1493627.0,18.02,993.0,73.7,7086.0
CHHATTISGARH,RAIPUR,4062160.0,34.65,983.0,76.43,12383.0
MADHYA PRADESH,RAISEN,1331699.0,18.36,899.0,74.26,8466.0
MADHYA PRADESH,RAJGARH,1546541.0,23.32,955.0,62.68,6153.0
GUJARAT,RAJKOT,3799770.0,19.87,924.0,82.2,11198.0
CHHATTISGARH,RAJNANDGAON,1537520.0,19.82,1017.0,76.97,8070.0
JAMMU AND KASHMIR,RAJOURI,619266.0,28.14,863.0,68.54,2630.0
RAJASTHAN,RAJSAMAND,1158283.0,17.35,988.0,63.93,4655.0
KARNATAKA,RAMANAGARA,1082739.0,5.06,976.0,69.2,3516.0
TAMIL NADU,RAMANATHAPURAM,1337560.0,12.63,977.0,81.48,4104.0
JAMMU AND KASHMIR,RAMBAN,283313.0,31.81,901.0,56.9,1329.0
JHARKHAND,RAMGARH,949159.0,13.06,921.0,73.92,1341.0
UTTAR PRADESH,RAMPUR,2335398.0,21.4,905.0,55.08,2367.0
JHARKHAND,RANCHI,2912022.0,23.9,950.0,77.13,5097.0
TELANGANA,RANGA REDDY,5296396.0,48.15,955.0,78.05,7493.0
MADHYA PRADESH,RATLAM,1454483.0,19.67,973.0,68.03,4861.0
MAHARASHTRA,RATNAGIRI,1612672.0,-4.96,1123.0,82.43,8208.0
ODISHA,RAYAGADA,961959.0,15.74,1048.0,50.88,7073.0
JAMMU AND KASHMIR,REASI,314714.0,27.06,891.0,59.42,1719.0
MADHYA PRADESH,REWA,2363744.0,19.79,930.0,73.42,6314.0
HARYANA,REWARI,896129.0,17.09,898.0,82.23,1594.0
MEGHALAYA,RIBHOI,258380.0,34.02,951.0,77.22,2448.0
HARYANA,ROHTAK,1058683.0,12.61,868.0,80.37,1745.0
BIHAR,ROHTAS,2962593.0,20.22,914.0,75.59,3881.0
UTTARAKHAND,RUDRAPRAYAG,236857.0,4.14,1120.0,82.09,1984.0
PUNJAB,RUPNAGAR,683349.0,8.67,913.0,83.28,1356.0
PUNJAB,S.A.S. NAGAR,986147.0,32.02,878.0,84.87,1094.0
ANDHRA PRADESH,S.P.S. NELLORE,2966082.0,11.15,986.0,69.15,13076.0
GUJARAT,SABARKANTHA,2427346.0,16.56,950.0,76.6,7394.0
MADHYA PRADESH,SAGAR,2378295.0,17.62,896.0,77.52,10252.0
UTTAR PRADESH,SAHARANPUR,3464228.0,19.59,887.0,72.03,3689.0
BIHAR,SAHARSA,1897102.0,25.79,906.0,54.57,1687.0
JHARKHAND,SAHIBGANJ,1150038.0,23.96,948.0,53.73,2063.0
MIZORAM,SAIHA,56366.0,-7.68,978.0,88.41,1399.0
TAMIL NADU,SALEM,3480008.0,15.37,954.0,73.23,5237.0
BIHAR,SAMASTIPUR,4254782.0,25.33,909.0,63.81,2904.0
JAMMU AND KASHMIR,SAMBA,318611.0,16.9,886.0,82.48,904.0
ODISHA,SAMBALPUR,,,,,6624.0
UTTAR PRADESH,SAMBHAL,,,,,0.0
MAHARASHTRA,SANGLI,2820575.0,9.18,964.0,82.62,8572.0
PUNJAB,SANGRUR,1654408.0,12.3,883.0,68.88,3625.0
UTTAR PRADESH,SANT KABIR NAGAR,1714300.0,20.71,969.0,69.01,1646.0
JHARKHAND,SARAIKELA-KHARSAWAN,1063458.0,25.28,958.0,68.85,2657.0
BIHAR,SARAN,3943098.0,21.37,949.0,68.57,2641.0
MAHARASHTRA,SATARA,3003922.0,6.94,986.0,84.2,10480.0
MADHYA PRADESH,SATNA,2228619.0,19.17,927.0,73.79,7502.0
RAJASTHAN,SAWAI MADHOPUR,1338114.0,19.79,894.0,66.19,4498.0
MADHYA PRADESH,SEHORE,1311008.0,21.51,918.0,71.11,6578.0
MANIPUR,SENAPATI,354972.0,25.16,939.0,75.0,3271.0
MADHYA PRADESH,SEONI,1378876.0,18.2,984.0,73.01,8758.0
MIZORAM,SERCHHIP,64875.0,20.45,976.0,98.76,1421.0
MADHYA PRADESH,SHAHDOL,1064989.0,17.27,968.0,68.36,6205.0
PUNJAB,SHAHID BHAGAT SINGH NAGAR,614362.0,4.58,954.0,80.33,1282.0
UTTAR PRADESH,SHAHJAHANPUR,3002376.0,17.84,865.0,61.61,4388.0
MADHYA PRADESH,SHAJAPUR,1512353.0,17.17,939.0,70.17,6195.0
UTTAR PRADESH,SHAMLI,,,,,0.0
BIHAR,SHEIKHPURA,634927.0,20.82,926.0,65.96,689.0
BIHAR,SHEOHAR,656916.0,27.32,890.0,56.0,349.0
MADHYA PRADESH,SHEOPUR,687952.0,22.96,902.0,58.02,6606.0
HIMACHAL PRADESH,SHIMLA,813384.0,12.58,916.0,84.55,5131.0
KARNATAKA,SHIVAMOGGA,1755512.0,6.88,995.0,80.5,8478.0
MADHYA PRADESH,SHIVPURI,1725818.0,22.74,877.0,63.73,10066.0
JAMMU AND KASHMIR,SHOPIYAN,265960.0,25.85,951.0,62.49,312.0
UTTAR PRADESH,SHRAWASTI,1114615.0,-5.25,875.0,49.13,1640.0
ARUNACHAL PRADESH,SIANG,,,,,
UTTAR PRADESH,SIDDHARTHNAGAR,2553526.0,25.17,970.0,61.81,2895.0
MADHYA PRADESH,SIDHI,1126515.0,23.66,952.0,66.09,4851.0
RAJASTHAN,SIKAR,2677737.0,17.04,944.0,72.98,7732.0
JHARKHAND,SIMDEGA,599813.0,16.62,1000.0,67.59,3774.0
MAHARASHTRA,SINDHUDURG,848868.0,-2.3,1037.0,86.54,5207.0
MADHYA PRADESH,SINGRAULI,1178132.0,28.03,916.0,62.36,5675.0
TRIPURA,SIPAHIJALA,,,,,0.0
HIMACHAL PRADESH,SIRMAUR,530164.0,15.61,915.0,79.98,2825.0
RAJASTHAN,SIROHI,1037185.0,21.86,938.0,56.02,5136.0
HARYANA,SIRSA,1295114.0,15.98,896.0,70.35,4277.0
BIHAR,SITAMARHI,3419622.0,27.47,899.0,53.53,2294.0
UTTAR PRADESH,SITAPUR,4474446.0,23.62,879.0,63.38,5743.0
TAMIL NADU,SIVAGANGA,1341250.0,16.09,1000.0,80.46,4233.0
ASSAM,SIVASAGAR,1150253.0,9.37,951.0,81.36,2668.0
BIHAR,SIWAN,3318176.0,22.25,984.0,71.59,2219.0
HIMACHAL PRADESH,SOLAN,576670.0,15.21,884.0,85.02,1936.0
MAHARASHTRA,SOLAPUR,4315527.0,12.1,932.0,77.72,14895.0
UTTAR PRADESH,SONBHADRA,1862612.0,27.27,913.0,66.18,6905.0
HARYANA,SONIPAT,1480080.0,15.71,853.0,80.83,2122.0
ASSAM,SONITPUR,1925975.0,15.67,946.0,69.96,5204.0
WEST BENGAL,SOUTH 24 PARGANAS,8153176.0,18.05,949.0,78.57,9960.0
MEGHALAYA,SOUTH GARO HILLS,142574.0,41.19,944.0,72.39,1887.0
SIKKIM,SOUTH SIKKIM,146742.0,11.57,914.0,82.06,750.0
TRIPURA,SOUTH TRIPURA,875144.0,14.03,957.0,85.41,3057.0
MEGHALAYA,SOUTH WEST GARO HILLS,,,,,
MEGHALAYA,SOUTH WEST KHASI HILLS,,,,,
PUNJAB,SRI MUKTSAR SAHIB,902702.0,16.1,895.0,66.79,2593.0
ANDHRA PRADESH,SRIKAKULAM,2699471.0,6.38,1014.0,62.3,5837.0
JAMMU AND KASHMIR,SRINAGAR,1269751.0,23.56,879.0,71.21,1979.0
ODISHA,SUBARNAPUR,652107.0,20.35,959.0,74.42,2337.0
CHHATTISGARH,SUKMA,,,,,0.0
UTTAR PRADESH,SULTANPUR,3790922.0,17.92,978.0,71.14,4436.0
ODISHA,SUNDARGARH,2080664.0,13.66,971.0,74.13,9712.0
BIHAR,SUPAUL,2228397.0,28.62,925.0,59.65,2425.0
CHHATTISGARH,SURAJPUR,,,,,0.0
GUJARAT,SURAT,6079231.0,42.19,788.0,86.65,4549.0
GUJARAT,SURENDRANAGAR,1755873.0,15.89,929.0,73.19,10423.0
CHHATTISGARH,SURGUJA,2361329.0,19.74,976.0,61.16,15732.0
MANIPUR,TAMENGLONG,140143.0,25.69,953.0,70.4,4391.0
GUJARAT,TAPI,806489.0,12.07,1004.0,69.23,3139.0
PUNJAB,TARN TARAN,1120070.0,19.28,898.0,69.43,2414.0
ARUNACHAL PRADESH,TAWANG,49950.0,28.33,701.0,60.61,2172.0
UTTARAKHAND,TEHRI GARHWAL,616409.0,1.93,1078.0,75.1,3642.0
MAHARASHTRA,THANE,11054131.0,35.94,880.0,86.18,9558.0
TAMIL NADU,THANJAVUR,2402781.0,8.42,1031.0,82.72,3411.0
TAMIL NADU,THENI,1243684.0,13.69,990.0,77.62,2868.0
TAMIL NADU,THIRUVALLUR,3725697.0,35.25,983.0,83.82,3394.0
KERALA,THIRUVANANTHAPURAM,3307284.0,2.25,1088.0,92.66,2189.0
TAMIL NADU,THIRUVARUR,1268094.0,8.43,1020.0,83.26,2274.0
TAMIL NADU,THOOTHUKKUDI,1738376.0,9.14,1024.0,86.52,4745.0
MANIPUR,THOUBAL,420517.0,15.48,1006.0,76.66,514.0
KERALA,THRISSUR,3110327.0,4.58,1109.0,95.32,3027.0
MADHYA PRADESH,TIKAMGARH,1444920.0,20.11,901.0,62.57,5048.0
ASSAM,TINSUKIA,1316948.0,14.51,948.0,70.92,3790.0
ARUNACHAL PRADESH,TIRAP,111997.0,11.63,931.0,52.23,2362.0
TAMIL NADU,TIRUCHIRAPPALLI,2713858.0,12.22,1013.0,83.56,4509.0
TAMIL NADU,TIRUNELVELI,3072880.0,13.66,1024.0,82.92,6693.0
TAMIL NADU,TIRUVANNAMALAI,2468965.0,12.94,993.0,74.72,6188.0
RAJASTHAN,TONK,1421711.0,17.33,949.0,62.46,7194.0
NAGALAND,TUENSANG,196801.0,5.81,930.0,73.7,2536.0
KARNATAKA,TUMAKURU,2681449.0,3.74,979.0,74.32,10597.0
RAJASTHAN,UDAIPUR,3067549.0,23.66,958.0,62.74,11724.0
ASSAM,UDALGURI,832769.0,9.76,966.0,66.6,2012.0
UTTARAKHAND,UDHAM SINGH NAGAR,1648367.0,33.4,919.0,74.44,2542.0
JAMMU AND KASHMIR,UDHAMPUR,555357.0,20.86,863.0,69.9,2637.0
KARNATAKA,UDUPI,1177908.0,5.9,1093.0,86.29,3582.0
MADHYA PRADESH,UJJAIN,1986597.0,16.11,954.0,73.55,6091.0
MANIPUR,UKHRUL,183115.0,30.07,948.0,81.87,4544.0
MADHYA PRADESH,UMARIA,643579.0,24.73,953.0,67.34,4076.0
HIMACHAL PRADESH,UNA,521057.0,16.24,977.0,87.23,1540.0
UTTAR PRADESH,UNNAO,3110595.0,15.19,901.0,68.29,4558.0
TRIPURA,UNOKOTI,,,,,0.0
ARUNACHAL PRADESH,UPPER SIANG,35289.0,5.77,891.0,59.94,6590.0
ARUNACHAL PRADESH,UPPER SUBANSIRI,83205.0,50.34,982.0,63.96,7032.0
CHHATTISGARH,UTTAR BASTAR KANKER,748593.0,15.0,1007.0,70.97,7161.0
WEST BENGAL,UTTAR DINAJPUR,3000849.0,22.9,936.0,60.13,3140.0
KARNATAKA,UTTARA KANNADA,1436847.0,6.15,975.0,84.03,10277.0
UTTARAKHAND,UTTARKASHI,329686.0,11.75,959.0,75.98,8016.0
GUJARAT,VADODARA,4157568.0,14.16,934.0,81.21,7546.0
BIHAR,VAISHALI,3495249.0,28.58,892.0,68.56,2036.0
GUJARAT,VALSAD,1703068.0,20.74,926.0,80.94,3008.0
UTTAR PRADESH,VARANASI,3682194.0,17.32,909.0,77.05,1535.0
TAMIL NADU,VELLORE,3928106.0,12.96,1004.0,79.65,6075.0
MADHYA PRADESH,VIDISHA,1458212.0,20.03,897.0,72.08,7371.0
TAMIL NADU,VILUPPURAM,3463284.0,16.99,985.0,72.08,7194.0
TAMIL NADU,VIRUDHUNAGAR,1943309.0,10.96,1009.0,80.75,4241.0
ANDHRA PRADESH,VISAKHAPATNAM,4288113.0,11.89,100.0,67.7,11161.0
ANDHRA PRADESH,VIZIANAGARAM,2342868.0,4.16,1016.0,59.49,6539.0
TELANGANA,WARANGAL,3522644.0,8.52,994.0,66.16,12846.0
MAHARASHTRA,WARDHA,1296157.0,4.8,946.0,87.22,6309.0
MAHARASHTRA,WASHIM,1196714.0,17.23,926.0,81.7,4898.0
KERALA,WAYANAD,816558.0,4.6,1035.0,89.32,2130.0
BIHAR,WEST CHAMPARAN,3922780.0,28.89,906.0,58.06,5228.0
MEGHALAYA,WEST GARO HILLS,642923.0,24.02,979.0,68.38,3677.0
ANDHRA PRADESH,WEST GODAVARI,3934782.0,3.45,1004.0,74.32,7742.0
ARUNACHAL PRADESH,WEST KAMENG,87013.0,16.64,755.0,69.4,7422.0
MEGHALAYA,WEST KHASI HILLS,385601.0,30.25,981.0,79.3,5247.0
ARUNACHAL PRADESH,WEST SIANG,112272.0,8.04,916.0,67.62,8325.0
SIKKIM,WEST SIKKIM,136299.0,10.58,941.0,78.69,1166.0
JHARKHAND,WEST SINGHBHUM,1501619.0,21.69,1004.0,59.54,7224.0
TRIPURA,WEST TRIPURA,1724619.0,12.5,964.0,88.91,2993.0
NAGALAND,WOKHA,166239.0,3.11,969.0,87.6,1628.0
ANDHRA PRADESH,Y.S.R. KADAPA,2884524.0,10.87,984.0,67.88,15359.0
KARNATAKA,YADGIR,1172985.0,22.67,984.0,52.36,5270.0
HARYANA,YAMUNANAGAR,1214162.0,16.56,877.0,78.93,1768.0
PONDICHERRY,YANAM,55616.0,77.15,1039.0,80.26,30.0
MAHARASHTRA,YAVATMAL,2775457.0,12.9,947.0,80.7,13582.0
NAGALAND,ZUNHEBOTO,141014.0,-8.79,981.0,86.26,1255.0
